{"cameraMode":{"drawMode":0,"name":"Shaded","section":"Shading Mode"},"sceneLighting":true,"audioPlay":false,"sceneViewState":{"m_AlwaysRefresh":false,"showFog":true,"showSkybox":true,"showFlares":true,"showImageEffects":true,"showParticleSystems":true,"showVisualEffectGraphs":true,"m_FxEnabled":true},"in2DMode":false,"pivot":{"x":3.4006214141845705,"y":3.5333304405212404,"z":-2.2486047744750978},"rotation":{"x":-0.04363934323191643,"y":0.9278436899185181,"z":-0.11499559879302979,"w":-0.3521054983139038},"size":7.705963611602783,"orthographic":false}